y_real,y_pred
0,0.19723925
0,0.32683733
0,0.27410585
0,0.16205269
0,0.36529052
0,0.5836367
0,0.23161815
0,0.3749197
0,0.13493642
0,0.3166611
0,0.35224456
0,0.29626578
0,0.31416044
0,0.32176995
0,0.37413853
0,0.37636873
0,0.16868614
0,0.30278155
0,0.29998708
0,0.26845676
0,0.5245551
0,0.16561191
0,0.45673674
0,0.23727143
0,0.3969863
0,0.33145314
0,0.2711575
0,0.39836565
0,0.2914073
0,0.1874905
0,0.25683528
0,0.09714423
0,0.45394954
0,0.454822
0,0.3484169
0,0.45797536
0,0.31454423
0,0.36608997
0,0.36758205
0,0.35855278
0,0.30036813
0,0.18141572
0,0.323624
0,0.5308008
0,0.35258833
0,0.34686357
0,0.3372634
0,0.2820466
0,0.38397056
0,0.29010382
0,0.15127383
0,0.2281233
0,0.26793706
0,0.43900722
0,0.2677712
0,0.43003273
0,0.14129196
0,0.21674189
0,0.22116438
0,0.30955976
0,0.5191687
0,0.360441
0,0.42696127
0,0.44387382
0,0.13520753
0,0.40813294
0,0.27744165
0,0.29407957
0,0.23438942
0,0.27894238
0,0.31970182
0,0.16464317
0,0.4474288
0,0.27015677
0,0.13342306
0,0.13917261
0,0.22627534
0,0.4743442
0,0.16566809
0,0.14479019
0,0.30691963
0,0.18445939
0,0.21917523
0,0.24337742
0,0.5237124
0,0.2896112
0,0.1280568
0,0.3151396
0,0.23529871
0,0.23655358
0,0.31705663
0,0.1058637
0,0.30017078
0,0.17980473
0,0.45946643
0,0.4795959
0,0.58090574
0,0.37117058
0,0.2786375
0,0.23671372
0,0.21808667
0,0.61157244
0,0.15740764
0,0.29993394
0,0.22168578
0,0.34412798
0,0.53425527
0,0.14034511
0,0.14034511
0,0.54587793
0,0.3090398
0,0.48655882
0,0.20888583
0,0.21605022
0,0.30794594
0,0.5425956
0,0.22593518
0,0.47374776
0,0.23735513
0,0.3208412
0,0.27511784
0,0.49222392
0,0.38253665
0,0.28835356
0,0.22171035
0,0.56801987
0,0.23405808
0,0.36893547
0,0.2524806
0,0.35599998
0,0.43256256
0,0.419085
0,0.32336262
0,0.6067525
0,0.22574033
0,0.60815316
0,0.49945283
0,0.3014302
0,0.11961651
0,0.37442476
0,0.21397516
0,0.35144633
0,0.38023606
0,0.39071184
0,0.40157878
0,0.39860746
0,0.5797581
0,0.24094477
0,0.116596356
0,0.26999292
0,0.41170928
0,0.38231447
0,0.2559743
0,0.15555932
0,0.34538773
0,0.32053325
0,0.327107
1,0.3777036
0,0.31016415
0,0.29886463
0,0.35695943
0,0.2308412
0,0.38077718
0,0.091738366
0,0.18920599
0,0.31756064
0,0.4437991
0,0.17133825
0,0.37642515
0,0.31863
0,0.28382394
0,0.28377554
0,0.27328712
0,0.104025796
0,0.24726245
0,0.27929884
0,0.15936884
0,0.30337635
0,0.30784202
0,0.5197232
0,0.24399413
0,0.37410444
0,0.23400533
0,0.47733027
0,0.39140803
0,0.07293636
0,0.29680908
0,0.36537766
0,0.3287871
0,0.31899524
0,0.36436975
0,0.21319172
0,0.421027
0,0.2279803
0,0.47640783
0,0.13322979
0,0.39584604
0,0.25995725
0,0.4393151
0,0.40504333
0,0.5897561
1,0.38770884
0,0.35654405
0,0.21392213
1,0.4118782
0,0.47522593
0,0.4033672
0,0.11715699
0,0.2666458
0,0.28647867
0,0.41891906
0,0.46792
0,0.49371397
0,0.36081707
0,0.3346219
0,0.2161137
0,0.26497072
0,0.16335462
0,0.35222036
0,0.11600542
0,0.2987147
0,0.1393393
0,0.34830874
0,0.18193434
0,0.46863973
0,0.2139905
0,0.44556576
0,0.37086022
0,0.24189112
0,0.18936993
0,0.35668844
0,0.24546973
0,0.46147463
0,0.24077962
0,0.16767727
0,0.30055317
0,0.2719439
0,0.2712806
0,0.19536337
0,0.47989017
0,0.14320195
0,0.43586168
0,0.20044811
0,0.43860224
0,0.17450884
0,0.49895126
0,0.33396927
0,0.26095918
0,0.3856735
0,0.37753236
0,0.17565529
0,0.38098922
0,0.42122254
0,0.26812133
0,0.26286978
0,0.43808603
0,0.4009851
1,0.45373768
0,0.34210584
0,0.41491744
1,0.5708569
0,0.38160104
0,0.1802532
0,0.3584123
0,0.5670021
0,0.20191158
0,0.49307916
0,0.22453211
0,0.3298505
0,0.48346964
0,0.2627074
0,0.45454273
0,0.3002667
0,0.41295502
0,0.49807334
0,0.34486637
0,0.31298473
0,0.40264526
0,0.26179743
0,0.2679264
0,0.21391448
0,0.30045816
0,0.12649038
0,0.40535808
0,0.528047
0,0.27419475
0,0.41914865
0,0.13515326
0,0.41188774
0,0.48927316
0,0.3517181
0,0.32153544
0,0.2538933
0,0.32958135
0,0.52201813
0,0.37402096
0,0.2668237
0,0.46625847
0,0.33392486
0,0.11114267
0,0.34088084
0,0.15671985
0,0.10381032
0,0.23110004
0,0.30513695
0,0.1714291
0,0.35479078
0,0.35198587
0,0.22205624
0,0.5456539
0,0.37318042
0,0.3407593
0,0.1742185
0,0.36153954
0,0.30371088
0,0.22513008
0,0.26707697
0,0.3842942
0,0.13026847
0,0.38403004
0,0.34416214
0,0.12261973
0,0.33354655
0,0.42315945
0,0.484463
0,0.4974487
0,0.26012784
0,0.2532239
0,0.3427
0,0.31189623
0,0.42662236
0,0.23248975
0,0.2497093
0,0.28723335
0,0.2604999
0,0.36829937
0,0.24907397
0,0.39933187
0,0.15582597
0,0.19839738
0,0.36146805
0,0.22741333
0,0.43254244
0,0.21777166
0,0.49322507
0,0.17554554
0,0.17732261
0,0.36559343
0,0.38654172
0,0.31363568
0,0.24023761
0,0.3366414
0,0.36772373
0,0.35095203
0,0.37142867
0,0.67343754
0,0.33259645
0,0.16838877
0,0.1774052
0,0.17134596
0,0.44186482
0,0.37209645
0,0.26756006
0,0.36058483
0,0.23385659
0,0.4092049
0,0.077886395
0,0.14629003
0,0.25055775
0,0.47056237
0,0.2958119
0,0.1451221
0,0.14903688
0,0.25043112
0,0.08678914
0,0.32600757
0,0.30390134
0,0.3208499
0,0.40038064
0,0.37513185
0,0.2360506
1,0.53050137
0,0.3169323
0,0.11512293
0,0.36917967
0,0.5707796
0,0.255071
0,0.40870804
0,0.2015424
0,0.14709784
0,0.5689461
0,0.29248106
0,0.55186045
0,0.3264075
0,0.41198328
0,0.38093606
0,0.3853661
0,0.17652394
0,0.33413765
0,0.4240367
0,0.20814835
0,0.47731093
0,0.34231862
0,0.3301937
0,0.3751427
0,0.5014698
0,0.48808774
0,0.19746807
0,0.16557254
0,0.24799666
0,0.23476967
0,0.18294574
0,0.34541434
0,0.5379295
1,0.38101876
0,0.22692958
0,0.13627627
0,0.200911
0,0.59548837
0,0.4057885
0,0.15471187
0,0.12476286
0,0.17854439
0,0.27981567
0,0.22873053
0,0.34298295
0,0.28742456
0,0.4777096
0,0.2892646
0,0.25191966
0,0.28519654
0,0.43955922
0,0.18978654
0,0.24966773
0,0.23884079
0,0.29781547
0,0.29414004
0,0.28344852
0,0.4266743
0,0.6126211
0,0.38381982
0,0.3308016
0,0.32641456
0,0.22266878
0,0.2624688
0,0.2087982
0,0.24792911
0,0.16556102
0,0.46813366
0,0.23924251
0,0.32291776
0,0.4409976
0,0.39542863
0,0.3893146
0,0.23790531
0,0.22906812
0,0.34362355
0,0.32042882
0,0.2745598
0,0.23921412
0,0.46212742
0,0.202338
0,0.50264
0,0.540672
0,0.34242883
0,0.46038032
0,0.27034417
0,0.27723265
0,0.5217126
0,0.2193959
0,0.37544155
0,0.17133465
0,0.40522584
0,0.34024596
0,0.27389145
0,0.29701078
0,0.32244787
0,0.57804537
0,0.35828322
0,0.31341526
0,0.40781778
0,0.51599467
0,0.346217
0,0.44260314
0,0.43375868
0,0.13998723
0,0.13130438
0,0.27037707
0,0.11850569
0,0.3961558
0,0.3115247
0,0.34564456
0,0.19070084
0,0.5218328
0,0.3495802
0,0.32778823
0,0.11903795
0,0.3285049
0,0.30611378
0,0.33216384
1,0.23205459
0,0.3220897
0,0.54261434
0,0.13242653
0,0.23111089
0,0.32155517
0,0.32069522
0,0.19739771
0,0.15194824
0,0.20532386
0,0.43150574
1,0.5145354
0,0.26219028
0,0.45388785
0,0.55209035
0,0.417938
0,0.27301213
0,0.2500848
0,0.47570297
0,0.15753748
0,0.26209202
0,0.2506984
0,0.17501117
0,0.41079935
0,0.40856925
0,0.25281516
0,0.18519752
0,0.367185
1,0.5079116
0,0.34497228
0,0.45910382
0,0.21538611
0,0.3282155
0,0.20519367
0,0.4631991
0,0.36245945
0,0.16994126
0,0.283923
0,0.4216655
0,0.4528404
0,0.32683372
0,0.26577693
0,0.15475166
0,0.24868236
0,0.3067126
0,0.27196562
0,0.41112173
0,0.40991512
0,0.2949174
0,0.40458605
0,0.48896015
0,0.4739815
0,0.2838521
0,0.32608074
0,0.18957654
0,0.22200406
0,0.5353122
0,0.285197
0,0.29548776
0,0.21039072
0,0.32116997
0,0.2011437
0,0.32170954
0,0.35056677
0,0.36698568
0,0.145919
0,0.24342416
0,0.32049704
0,0.54506105
0,0.36293146
0,0.36816025
0,0.16406187
0,0.36862677
0,0.30392176
0,0.36313364
0,0.32103458
0,0.31397185
0,0.6507254
0,0.2680239
0,0.30663183
0,0.3438878
0,0.4520789
0,0.30850464
0,0.54985034
0,0.3673841
0,0.5154154
0,0.35187426
0,0.33329853
0,0.1770315
0,0.68897367
0,0.3678022
0,0.367962
1,0.23085852
0,0.34251094
0,0.3394311
0,0.33334374
0,0.44014052
0,0.4555078
0,0.37491715
0,0.39184314
0,0.48262393
0,0.18903598
0,0.46120122
0,0.30277753
0,0.308543
0,0.23740767
0,0.30657634
0,0.4728476
0,0.48358473
0,0.4904625
0,0.4013033
0,0.109903984
0,0.40051794
0,0.370591
0,0.506487
0,0.4640308
0,0.44331414
0,0.5948175
0,0.17097594
0,0.4464548
0,0.16035508
0,0.3197507
0,0.30732906
0,0.1447377
0,0.49603468
0,0.39921564
0,0.21298572
0,0.12005855
0,0.26111796
0,0.31753033
0,0.59924084
0,0.5896235
0,0.39061287
0,0.34020942
0,0.18550557
0,0.34629333
0,0.212266
0,0.31514254
0,0.36010635
0,0.4930189
0,0.1857257
0,0.38279158
0,0.40709698
0,0.28865477
0,0.34299085
0,0.30274692
0,0.230498
0,0.40952197
0,0.43311304
0,0.45183638
0,0.1835798
0,0.35047936
0,0.29522464
0,0.5021292
0,0.43809858
0,0.25485432
0,0.5352114
0,0.32068762
0,0.3204348
0,0.28511697
0,0.22841798
0,0.11734342
0,0.12551117
0,0.22378442
0,0.23529446
0,0.32330868
0,0.37941432
0,0.093077324
0,0.13587156
0,0.18344206
0,0.36352202
0,0.3435851
0,0.336461
0,0.38913664
0,0.28417554
0,0.3956369
0,0.5128081
0,0.37888008
0,0.57491136
0,0.2336557
0,0.55568373
0,0.37258473
0,0.5282027
0,0.55058444
0,0.42817757
0,0.17779854
0,0.5067801
0,0.13166766
0,0.25484076
0,0.31750557
0,0.34419873
0,0.18434668
0,0.30037066
0,0.45392567
0,0.46944928
0,0.30895215
0,0.43497807
0,0.29738024
0,0.23733571
0,0.3145652
0,0.2835173
0,0.21930479
0,0.09723354
0,0.46820417
0,0.3722608
0,0.18033084
0,0.2910132
0,0.45276934
0,0.20916535
0,0.4110603
0,0.24123074
0,0.11622791
0,0.3215407
0,0.12862328
0,0.1263503
0,0.3885215
0,0.17584984
0,0.21540287
0,0.4516867
0,0.23019557
0,0.38256353
0,0.21319667
0,0.22744282
0,0.269894
0,0.42584336
0,0.119162075
0,0.22177319
0,0.2487025
0,0.22612202
0,0.1592824
0,0.24717566
0,0.1333829
0,0.29266247
0,0.20890869
0,0.30567956
0,0.2670071
0,0.39793265
0,0.23032328
0,0.30421606
0,0.2955918
0,0.47975948
0,0.10819728
0,0.340839
0,0.28788415
0,0.1352321
0,0.32136682
0,0.1868952
0,0.31213605
0,0.41655698
0,0.2737687
0,0.33146656
0,0.31474307
0,0.2065805
0,0.26703852
0,0.18527539
0,0.38474625
0,0.14243531
0,0.50476813
0,0.21196216
0,0.2978882
0,0.40203238
0,0.28502256
0,0.28800222
0,0.34544444
0,0.27303717
0,0.31445947
0,0.15124772
0,0.34486917
0,0.27700865
0,0.2957928
0,0.39129558
0,0.3541308
0,0.08394253
0,0.09225502
0,0.32564417
0,0.19844382
0,0.17244771
0,0.33237523
0,0.5103118
0,0.23400797
0,0.25064126
0,0.4426577
0,0.54182196
0,0.1854577
0,0.26686248
0,0.22736102
0,0.13024996
0,0.124101676
0,0.23232034
0,0.37138742
0,0.25159234
0,0.40641606
0,0.42892227
0,0.23671511
0,0.4405453
0,0.24924104
0,0.22708805
0,0.31118125
0,0.4697524
0,0.27505955
0,0.40693215
0,0.3602821
0,0.38332698
0,0.22239038
0,0.38597974
0,0.25969034
0,0.35703698
1,0.3795181
0,0.42602813
0,0.5223857
0,0.406354
0,0.24424277
1,0.35564286
0,0.3640042
0,0.35866126
0,0.39563423
0,0.407042
0,0.46110514
0,0.318609
0,0.40752465
0,0.39915907
0,0.4445332
0,0.509705
0,0.3454159
0,0.40563428
0,0.35700214
0,0.40548852
0,0.44202793
0,0.26816013
0,0.47633964
0,0.27928868
0,0.3224206
0,0.44300276
0,0.2545677
0,0.3649483
0,0.40274918
0,0.13782555
0,0.3733329
0,0.31378222
0,0.37763217
0,0.5849771
0,0.24887587
0,0.49181446
0,0.43615094
0,0.26645368
0,0.17454094
0,0.34174076
0,0.2529185
0,0.459453
0,0.3747909
0,0.33194616
0,0.30329442
0,0.3346739
0,0.43300173
0,0.50012445
0,0.1993923
0,0.27897668
0,0.17974502
0,0.41144088
0,0.5738044
0,0.3992692
0,0.54293334
0,0.33695242
0,0.22733355
0,0.36338082
0,0.33107677
0,0.42613834
0,0.3058466
0,0.28788948
0,0.4844857
0,0.37706375
0,0.32162717
0,0.2683116
0,0.19177885
0,0.29711604
0,0.19395053
0,0.41687703
0,0.13410209
1,0.49059412
0,0.43317208
0,0.2917274
0,0.1365533
0,0.3142046
0,0.21450423
0,0.22594832
0,0.3893526
0,0.22404099
0,0.393959
0,0.23631431
0,0.38087738
0,0.24860188
0,0.14949346
0,0.2508686
0,0.26095113
0,0.5358631
0,0.42100665
0,0.25819498
0,0.2172861
0,0.3815514
0,0.21693628
0,0.32993767
0,0.40636665
0,0.36825365
0,0.34684315
1,0.28918764
0,0.20276085
0,0.42556137
0,0.16484582
0,0.27976876
0,0.30987084
0,0.6419975
0,0.18681139
0,0.313069
0,0.52138984
0,0.41772
0,0.4357407
0,0.3628952
0,0.2985497
0,0.30193868
0,0.36563897
0,0.32392642
0,0.5586253
0,0.48042387
0,0.34945002
0,0.36655167
0,0.38636914
0,0.42104283
0,0.23611248
0,0.3032106
0,0.2965461
0,0.28781557
0,0.40548927
0,0.33896548
0,0.38665622
0,0.38588127
0,0.5449611
0,0.52776176
0,0.33817893
0,0.17060395
0,0.3851197
0,0.45514944
1,0.5346351
0,0.34379613
0,0.6011784
0,0.18113455
0,0.2956448
0,0.400918
0,0.3300245
0,0.35743636
0,0.19152027
0,0.2100905
0,0.30964318
0,0.32647368
0,0.5497996
0,0.46989357
0,0.3678225
1,0.21168295
0,0.49606547
0,0.31613335
0,0.24405296
0,0.3519394
0,0.55918413
1,0.28970787
0,0.10817902
0,0.38913235
0,0.252944
0,0.34287393
0,0.6165997
0,0.22797276
0,0.29129216
0,0.31737742
0,0.15408495
0,0.31823108
0,0.1483987
0,0.2135142
0,0.16417842
0,0.4892588
0,0.503859
0,0.29379776
1,0.34658653
0,0.33646506
0,0.16353038
0,0.52291006
0,0.15154845
0,0.13789445
0,0.50201094
0,0.54773426
0,0.44723108
0,0.42479956
0,0.12734695
0,0.19075522
0,0.38395053
0,0.40364823
0,0.37308842
0,0.34733102
0,0.23636529
0,0.35517067
0,0.32242954
0,0.3011247
0,0.50657344
0,0.17782895
0,0.14102696
0,0.5066343
0,0.11623689
0,0.46811825
0,0.27992672
0,0.20232481
0,0.17840567
0,0.49240687
0,0.29565853
0,0.22343343
0,0.30800778
0,0.22803552
0,0.55235094
0,0.16124351
0,0.30929846
0,0.23763116
0,0.13200258
0,0.35150176
0,0.28755984
0,0.42445803
0,0.2841679
0,0.28753737
0,0.3304849
0,0.4619988
0,0.27295285
0,0.16616106
0,0.42999476
0,0.34121698
0,0.54936963
0,0.46099722
0,0.36794588
0,0.42123765
0,0.3512906
0,0.20514536
0,0.30288628
0,0.3187316
0,0.3340677
1,0.46346074
0,0.2697766
0,0.21784547
0,0.30095464
0,0.28551698
0,0.6125002
0,0.322242
0,0.2812656
0,0.14618115
0,0.36788183
0,0.42923468
0,0.31620455
0,0.5075781
0,0.30091688
0,0.2019216
0,0.25165233
0,0.5541997
0,0.11522532
0,0.39676276
0,0.3481189
0,0.3790157
0,0.17688204
0,0.25392225
0,0.18107995
0,0.1411881
0,0.2576458
0,0.16436921
0,0.477721
0,0.38276255
0,0.34747732
0,0.64737314
0,0.1054417
1,0.32235965
0,0.32786426
0,0.44793147
0,0.36690444
0,0.33393747
0,0.38928553
0,0.21621637
0,0.21368904
0,0.22286803
0,0.49474272
0,0.3221234
0,0.1989748
0,0.31401643
0,0.347863
0,0.25756615
0,0.30141893
0,0.38406318
0,0.41468427
0,0.16087994
0,0.39553002
0,0.40148267
0,0.24414456
0,0.21575424
0,0.52014697
0,0.22532989
0,0.21746446
0,0.39384028
0,0.56771517
0,0.2821831
0,0.13003844
0,0.25715348
0,0.33718568
0,0.45411375
0,0.16505995
0,0.17342255
0,0.33508694
0,0.14687862
0,0.46163023
0,0.32462376
0,0.27166852
0,0.21847309
0,0.21847309
0,0.4328473
1,0.24946713
0,0.2294534
0,0.5347882
0,0.28054506
0,0.54569435
0,0.30366054
0,0.2809497
0,0.4400596
0,0.24457741
0,0.36570403
0,0.51748437
0,0.3280659
0,0.30445793
0,0.28686866
0,0.20605662
0,0.21591505
0,0.32165733
0,0.2965002
0,0.3728906
0,0.22369145
0,0.48950493
0,0.26799172
0,0.42232534
0,0.6217828
0,0.20016214
0,0.3361714
0,0.23659569
0,0.3953805
0,0.28787214
0,0.29651845
0,0.4823747
0,0.2862488
0,0.38499984
0,0.366413
0,0.36266115
0,0.57483447
0,0.27438146
0,0.12888825
0,0.4011549
0,0.31545088
0,0.31545088
0,0.14921927
0,0.25693446
0,0.5620418
0,0.16079648
0,0.34733516
0,0.33153808
0,0.21490207
0,0.16649438
0,0.36702406
0,0.5124807
0,0.40518075
0,0.40404806
0,0.33475557
0,0.4081771
0,0.26796865
0,0.4944617
0,0.3528795
0,0.5537188
0,0.2790574
0,0.24045347
0,0.35053864
0,0.2374748
0,0.22832371
0,0.4219693
0,0.2174433
0,0.3498852
0,0.17175223
0,0.30437252
0,0.275085
1,0.593118
1,0.502938
1,0.5794133
1,0.31048766
1,0.43996182
1,0.47505367
1,0.537469
1,0.65277356
1,0.3122897
1,0.4337044
1,0.60368836
1,0.28951386
1,0.2153743
1,0.4550542
1,0.37083158
1,0.34133604
1,0.59821874
1,0.5375344
1,0.31448853
1,0.1924553
1,0.23913874
1,0.273968
1,0.44592094
1,0.34334216
1,0.43168703
1,0.33908758
1,0.23398617
1,0.28506804
1,0.48508805
1,0.4850868
1,0.694407
1,0.4083407
1,0.39024618
1,0.5727608
1,0.5320672
1,0.3700627
1,0.61440545
1,0.39224786
1,0.66229796
1,0.3829288
1,0.47209245
1,0.45554
1,0.41531187
1,0.5775234
1,0.6201625
1,0.37946877
1,0.3851089
1,0.44901788
1,0.46146944
1,0.37439558
1,0.39554366
1,0.5711154
1,0.4806185
1,0.3987389
1,0.26757476
1,0.31636885
1,0.6300069
1,0.5343485
1,0.2768006
1,0.3205803
1,0.40537852
1,0.3872351
1,0.32883394
1,0.3305349
1,0.3930173
1,0.28200302
1,0.407797
1,0.53843683
1,0.527447
1,0.25458854
1,0.39452648
1,0.42373863
1,0.5926694
1,0.35884178
1,0.4838164
1,0.3304104
1,0.49517027
1,0.45694286
1,0.33609125
1,0.33814064
1,0.5049315
1,0.5969944
1,0.38516793
1,0.36731687
1,0.44887796
1,0.35244912
1,0.32207248
1,0.4833779
1,0.30504143
1,0.4855205
1,0.34449524
1,0.33983645
1,0.5662114
1,0.34922627
1,0.4454348
1,0.41267312
1,0.3626542
1,0.21890272
1,0.5380258
1,0.6235716
1,0.14524904
1,0.381403
1,0.64003235
1,0.15217435
1,0.24425066
1,0.4316316
1,0.3837343
1,0.3792934
1,0.3374962
1,0.3277345
1,0.25751898
1,0.12480452
1,0.5487037
1,0.63987035
1,0.3107945
1,0.27013814
1,0.20525597
1,0.5036971
1,0.4648987
1,0.41298836
1,0.6695136
1,0.6695136
1,0.5519922
1,0.3613902
1,0.50030047
1,0.5038015
1,0.21470031
1,0.50565416
1,0.29216415
1,0.5154426
1,0.25071186
1,0.41574112
1,0.41459253
1,0.26603055
1,0.3734422
1,0.41273582
1,0.36872095
1,0.15935235
1,0.31243995
1,0.5820383
1,0.15967424
1,0.34945574
1,0.44921237
1,0.4033838
1,0.35861427
1,0.18062255
1,0.43140256
1,0.22196294
1,0.4565546
1,0.4482637
1,0.5470529
1,0.40439746
1,0.3879412
1,0.32268572
1,0.42213982
1,0.45855296
1,0.30295637
1,0.22561443
1,0.5196095
1,0.34453934
1,0.3371561
1,0.33677682
1,0.33022457
1,0.40736017
1,0.38471574
1,0.6608491
1,0.60347396
1,0.7110522
1,0.27900174
1,0.4366309
1,0.2016655
1,0.5398751
1,0.55036414
1,0.38292536
1,0.17405112
1,0.5537933
1,0.40065494
1,0.55436915
1,0.29883927
1,0.43598297
1,0.3072317
1,0.49109513
1,0.5187186
1,0.26044217
1,0.48038292
1,0.5435282
1,0.62465906
1,0.5967337
1,0.42449668
1,0.31903136
1,0.6743696
1,0.33610937
1,0.26614484
1,0.29192668
1,0.46487305
1,0.46737015
1,0.4284478
1,0.22326535
1,0.57635343
1,0.4450373
1,0.45618218
1,0.6158187
1,0.40140676
1,0.5185956
1,0.601836
1,0.40164083
1,0.3095391
1,0.24697451
1,0.5281043
1,0.4146595
1,0.36279592
1,0.54983896
1,0.1640573
1,0.39878848
1,0.5861583
1,0.41326705
1,0.21444649
1,0.26059747
1,0.31190395
1,0.28020057
1,0.19115527
1,0.27459657
1,0.28911066
1,0.5047904
1,0.24515855
1,0.31997377
1,0.3184613
1,0.28806204
1,0.28733993
1,0.16415222
1,0.58292073
1,0.3267285
1,0.6397894
1,0.42025647
1,0.45149833
1,0.50751925
1,0.3024908
1,0.67952675
1,0.5505228
1,0.52999836
1,0.26539263
1,0.58799136
1,0.622497
1,0.35978395
1,0.3946974
1,0.40017346
1,0.47104067
1,0.42999575
1,0.30817676
1,0.38080415
1,0.46057272
1,0.51633805
1,0.6309629
1,0.27597207
1,0.43905595
1,0.19904779
1,0.5595274
1,0.39132896
1,0.34183523
1,0.5388861
1,0.42919746
1,0.28338474
1,0.360412
1,0.39788553
1,0.48704562
1,0.49523374
1,0.65182567
1,0.28635725
1,0.40943095
1,0.52866024
1,0.2751892
1,0.5105371
1,0.2781192
1,0.47822565
1,0.5877265
1,0.3372147
1,0.35923338
1,0.48668703
1,0.39867294
1,0.48163137
1,0.3926226
1,0.42110828
1,0.4621683
1,0.5968511
1,0.3013645
1,0.5047688
1,0.2364413
1,0.40951574
1,0.6983305
1,0.5813516
1,0.42355886
1,0.48680064
1,0.84495854
1,0.4344099
1,0.47526586
1,0.20730384
1,0.47975898
1,0.35627592
1,0.4469545
1,0.48796976
1,0.4513277
1,0.39806083
1,0.6213114
1,0.43768638
1,0.56903553
1,0.5369696
1,0.6012652
1,0.38074297
1,0.12881857
1,0.3006979
1,0.3316849
1,0.5685601
1,0.3593829
1,0.4310092
1,0.40522018
1,0.45549762
1,0.34922886
1,0.5917157
1,0.3353377
1,0.35535246
1,0.30243134
1,0.3660569
1,0.41731328
1,0.5581329
1,0.3454357
1,0.35178602
1,0.420246
1,0.25090277
1,0.51486784
1,0.26838133
1,0.44862628
1,0.18106465
1,0.41399473
1,0.59661657
1,0.3757203
1,0.348582
1,0.48623908
1,0.39501292
1,0.43633944
1,0.35383177
1,0.4610848
1,0.43901366
1,0.47953212
1,0.29898068
1,0.31465802
1,0.3528193
1,0.4600035
1,0.37689826
1,0.34047943
1,0.5351552
1,0.60092306
1,0.4640417
1,0.3687895
1,0.1920434
1,0.3279642
1,0.53875
1,0.46817878
1,0.31991464
1,0.60489714
1,0.25873756
1,0.60236394
1,0.20402887
1,0.35086122
1,0.3275054
1,0.5958435
1,0.43471274
1,0.49063015
1,0.41467023
1,0.50990176
1,0.34513575
1,0.27858427
1,0.5670213
1,0.65046734
1,0.49569565
1,0.39084277
1,0.45518184
1,0.25840223
1,0.34826377
1,0.13041064
1,0.6276394
1,0.269467
1,0.5124062
1,0.48878253
1,0.47196385
1,0.38642493
1,0.4861327
1,0.34047598
1,0.37605947
1,0.280576
1,0.32612514
1,0.17743084
1,0.3326818
1,0.3678219
1,0.40237895
1,0.30467784
1,0.38480604
1,0.60102993
1,0.5437573
1,0.4370641
1,0.6179479
1,0.5963769
1,0.47669148
1,0.44751444
1,0.46297067
1,0.43856397
1,0.60529184
1,0.5155412
1,0.5512358
1,0.4366665
1,0.51405185
1,0.6056683
1,0.5518065
1,0.21348809
1,0.27374896
1,0.37118924
1,0.4247812
1,0.28611988
1,0.47381946
1,0.51686966
1,0.4411561
1,0.22983162
1,0.30094492
1,0.39252648
1,0.64137095
1,0.35811728
1,0.39510438
1,0.41402668
1,0.43606922
1,0.16702628
1,0.6438421
1,0.270388
1,0.41341862
1,0.56417304
1,0.42615414
1,0.48863545
1,0.41170403
1,0.56581086
1,0.61118776
1,0.4552892
1,0.42451003
1,0.57171017
1,0.47480163
1,0.7103728
1,0.30404332
1,0.37577862
1,0.41538987
1,0.52981585
1,0.47445905
1,0.4083919
1,0.45233852
1,0.4552856
1,0.47665384
1,0.44737744
1,0.48373717
1,0.4857658
1,0.42031947
1,0.36093688
1,0.28379828
1,0.30126828
1,0.3980315
1,0.56201625
1,0.5699298
1,0.73090154
1,0.56527245
1,0.42319608
1,0.54978746
1,0.38215417
1,0.5106617
1,0.547612
1,0.35928944
1,0.45855185
1,0.18177885
1,0.42309272
1,0.42985088
1,0.49298796
1,0.7011051
1,0.19908991
1,0.49938956
1,0.7016408
1,0.55471224
1,0.49024767
1,0.38060033
1,0.5923775
1,0.24669158
1,0.14428535
1,0.6371638
1,0.41989002
1,0.2822505
1,0.42797264
1,0.42301658
1,0.31186005
1,0.5685491
1,0.44667298
1,0.4789337
1,0.5103788
1,0.39149612
1,0.22129963
1,0.588637
1,0.25480723
1,0.43156675
1,0.48866904
1,0.353522
1,0.49505162
1,0.43650213
1,0.38459247
1,0.16447674
1,0.14655268
1,0.48416778
1,0.6018832
1,0.3933394
1,0.30642095
1,0.36378816
1,0.44302803
1,0.46044257
1,0.6670189
1,0.33916864
1,0.41384703
1,0.29106954
1,0.3243415
1,0.5532343
1,0.56785613
1,0.31255177
1,0.26869527
1,0.23609996
1,0.1865692
1,0.324859
1,0.5601149
1,0.3257805
1,0.49872652
1,0.5169421
1,0.5673512
1,0.29012978
1,0.50776196
1,0.35849342
1,0.10933769
1,0.48446152
1,0.5390697
1,0.48689428
1,0.29339734
1,0.32119322
1,0.3044363
1,0.61718297
1,0.28921747
1,0.3577519
1,0.46037495
1,0.50736386
1,0.4906887
1,0.45169917
1,0.44776297
1,0.3510778
1,0.68799543
1,0.62021565
1,0.29663724
1,0.4066775
1,0.5179684
1,0.58558685
1,0.45808208
1,0.5091507
1,0.3042076
1,0.38967088
1,0.52191454
1,0.38074857
1,0.29345617
1,0.4760142
1,0.2990996
1,0.3454421
1,0.14182216
1,0.44605374
1,0.3092112
1,0.30121383
1,0.41629717
1,0.48137
1,0.5393139
1,0.6751204
1,0.6518981
1,0.48661104
1,0.39266723
1,0.34870204
1,0.42374566
1,0.11063735
1,0.2876123
1,0.5462507
1,0.44992727
1,0.33982366
1,0.53397024
1,0.291278
1,0.5172157
1,0.26073658
1,0.51871747
1,0.6469125
1,0.34587967
1,0.43814698
1,0.58566344
1,0.33579785
1,0.6030105
1,0.25770876
1,0.42037523
1,0.26014003
1,0.4559742
1,0.5325755
1,0.19231546
1,0.33200827
1,0.40884978
1,0.2544866
1,0.44160256
1,0.5816601
1,0.48471624
1,0.4155486
1,0.38215354
1,0.2202731
1,0.23893566
1,0.43603805
1,0.4466274
1,0.41231272
1,0.5014225
1,0.38502374
1,0.42874795
1,0.369332
1,0.39407083
1,0.4294434
1,0.39125878
1,0.28464806
1,0.50266623
1,0.36536926
1,0.39321685
1,0.24420477
1,0.37233752
1,0.2701465
1,0.43431166
1,0.41519976
1,0.4223307
1,0.6894969
1,0.50162184
1,0.2700913
1,0.5003845
1,0.3870954
1,0.46658507
1,0.38754737
1,0.4056583
1,0.19939059
1,0.34621614
1,0.67428666
1,0.32765007
1,0.4254184
1,0.38902703
1,0.66677845
1,0.6435095
1,0.3356453
1,0.47422856
1,0.38843054
1,0.35593483
1,0.37938735
1,0.3867831
1,0.1173372
1,0.4053207
1,0.320458
1,0.34226632
1,0.37848055
1,0.46647963
1,0.29065892
1,0.44884178
1,0.5831597
1,0.37234187
1,0.29566225
1,0.45336616
1,0.57999027
1,0.46500117
1,0.5890618
1,0.50120115
1,0.53007495
1,0.40146455
1,0.46645525
1,0.6192194
1,0.45983937
1,0.25229126
1,0.3811296
1,0.45869085
1,0.3510105
1,0.2385364
1,0.80846167
1,0.40111002
1,0.43301138
1,0.3454322
1,0.30430272
1,0.30135998
1,0.2894199
1,0.5763758
1,0.54419994
1,0.32263315
1,0.45172912
1,0.3598636
1,0.40314817
1,0.45658073
1,0.5651441
1,0.54885656
1,0.26703477
1,0.39787632
1,0.37820005
1,0.46419352
1,0.18268396
1,0.6636766
1,0.5162373
1,0.41480196
1,0.17600632
1,0.22402143
1,0.26761448
1,0.4299984
1,0.38420615
1,0.5611314
1,0.58661556
1,0.66998696
1,0.4214372
1,0.2818286
1,0.28877237
1,0.17025986
1,0.45602846
1,0.68974423
1,0.54779845
1,0.5749719
1,0.42437068
1,0.50244725
1,0.63996214
1,0.22930023
1,0.50869006
1,0.5222167
1,0.2205236
1,0.5967243
1,0.48196474
1,0.47112143
1,0.46939108
1,0.45803893
1,0.26846778
1,0.19594468
1,0.4211047
1,0.5456237
1,0.31206334
1,0.44120863
1,0.56425536
1,0.41014978
1,0.39697787
1,0.35907912
1,0.45910656
1,0.56715053
1,0.47539568
1,0.32849476
1,0.2575507
1,0.42557916
1,0.597898
1,0.46824923
1,0.5651618
1,0.38333616
1,0.25840586
1,0.18476011
1,0.445505
1,0.46643087
1,0.36617488
1,0.4405528
1,0.49234578
1,0.38660645
1,0.5202793
1,0.2554544
1,0.43973333
1,0.7181054
1,0.34985724
1,0.36333707
1,0.29587725
1,0.26139042
1,0.46406007
1,0.45291886
1,0.344706
1,0.71663904
1,0.3772749
1,0.34363335
1,0.40635622
1,0.3376098
1,0.43990472
1,0.5080392
1,0.4166198
1,0.44880596
1,0.511792
1,0.41138437
1,0.4659232
1,0.5209528
1,0.4660897
1,0.36360747
1,0.41763166
1,0.5185351
1,0.4576776
1,0.4366393
1,0.4658269
1,0.43002906
1,0.3220266
1,0.5528496
1,0.47627538
1,0.3254229
1,0.21498229
1,0.35525373
1,0.3089928
1,0.5562478
1,0.5053874
1,0.22863178
1,0.52836394
1,0.465748
1,0.3988798
1,0.4449982
1,0.43883884
1,0.22351399
1,0.45756117
1,0.7551666
1,0.4867167
1,0.29499725
1,0.4764509
1,0.29111922
1,0.37732297
1,0.5102493
1,0.4634692
1,0.48475525
1,0.43445587
1,0.46217066
1,0.3880712
1,0.5150872
1,0.43778825
1,0.33918998
1,0.40616843
1,0.2740304
1,0.50787026
1,0.23916338
1,0.37080747
1,0.33140245
1,0.3227214
1,0.6112602
1,0.5554519
1,0.46118295
1,0.5681527
0,0.39794007
0,0.19711018
0,0.52730656
0,0.33082566
0,0.3797066
0,0.28374514
0,0.37336886
0,0.4244021
0,0.30714446
0,0.6151137
0,0.10622707
0,0.6427429
0,0.5305453
0,0.27743533
0,0.34988648
0,0.44637826
0,0.4410509
0,0.5115183
0,0.38990673
0,0.6355807
0,0.2521222
0,0.18144897
0,0.17462501
0,0.5231219
0,0.3045036
0,0.2866106
0,0.36218622
0,0.22938511
0,0.24307202
0,0.12676929
0,0.48227197
0,0.2849245
0,0.1849307
0,0.27357915
0,0.38493437
0,0.60699975
0,0.20350951
0,0.40171823
0,0.2940098
0,0.17032613
0,0.29432732
0,0.27411607
0,0.19470444
0,0.36160475
0,0.23847297
0,0.20807911
0,0.27558142
0,0.44393155
0,0.24181567
0,0.28870752
0,0.31651935
0,0.30865723
0,0.53867245
0,0.42964107
0,0.3338197
0,0.48329508
0,0.40778512
0,0.22833256
0,0.2529657
0,0.12022699
0,0.40827495
0,0.21100605
0,0.19977456
0,0.5312176
0,0.12637101
0,0.43331027
0,0.2579666
0,0.36926877
0,0.38557902
0,0.30455816
0,0.22173838
0,0.8014194
0,0.57949615
0,0.1872075
0,0.14038363
0,0.18482144
0,0.3531914
0,0.36102033
0,0.2543673
0,0.11787833
0,0.31893024
0,0.17257467
0,0.1694665
0,0.1411213
0,0.34192076
0,0.14771782
0,0.22636679
0,0.35502183
0,0.40543213
0,0.32432655
0,0.41174757
0,0.499008
0,0.30983832
0,0.3780475
0,0.18104507
0,0.2257537
0,0.53526986
0,0.23557164
0,0.37533304
0,0.3049469
0,0.28465265
0,0.2947863
0,0.25333267
0,0.43476713
0,0.19033256
0,0.47296113
0,0.3481741
0,0.50680715
0,0.4389994
0,0.30404243
0,0.31792256
0,0.26117107
0,0.35831925
0,0.31373477
0,0.57986784
0,0.30066139
0,0.15011601
0,0.30055124
0,0.34650883
0,0.32839918
0,0.26870185
0,0.43407944
0,0.23949045
0,0.1605444
0,0.15778102
0,0.4425332
0,0.2680048
0,0.16472088
0,0.24486472
0,0.27380082
0,0.2857181
0,0.27250823
0,0.42379507
0,0.16809615
0,0.24591188
0,0.45484716
0,0.34361568
0,0.2918928
0,0.28301707
0,0.30582795
0,0.36966848
0,0.3533507
0,0.19984674
0,0.15025389
0,0.35309097
0,0.44166365
0,0.3208499
0,0.20653324
0,0.5461637
0,0.13669325
0,0.13752522
0,0.38006398
0,0.43588886
0,0.2458678
0,0.52293074
0,0.28673494
0,0.21576238
0,0.21782419
0,0.30017078
0,0.21188118
0,0.16027404
0,0.09739248
1,0.27416578
0,0.17854439
0,0.1906656
0,0.17103443
0,0.22583085
0,0.15448277
0,0.25065905
0,0.2902822
0,0.15848589
1,0.35373926
0,0.67317843
0,0.2024666
0,0.41334167
0,0.36991498
0,0.4582521
0,0.35890013
0,0.29973823
0,0.32158673
0,0.38666564
0,0.38473722
0,0.3724772
0,0.12760021
0,0.29808986
0,0.24744257
0,0.3185063
0,0.26220417
0,0.401033
0,0.2885287
0,0.3631917
0,0.40085027
0,0.19653895
0,0.28593406
1,0.30369538
0,0.26508358
0,0.14545175
0,0.14102696
0,0.32926717
0,0.17725398
0,0.14905488
0,0.29890993
0,0.35902128
0,0.3746978
0,0.0920926
0,0.25724882
0,0.30231
1,0.38652784
0,0.24175933
0,0.34847254
0,0.1474379
0,0.36472005
0,0.2723533
0,0.19114064
0,0.19410568
0,0.072500184
0,0.5004497
0,0.34658358
0,0.24789728
0,0.28997567
0,0.15941289
0,0.32208416
0,0.29585633
0,0.17873332
0,0.59787875
0,0.2408125
0,0.24291722
0,0.42363882
1,0.63301456
0,0.07534871
0,0.1996162
0,0.40709698
0,0.2691938
0,0.2694959
0,0.2661815
0,0.31967226
0,0.23258513
0,0.32384998
1,0.4593601
0,0.21873815
0,0.6613413
0,0.20135635
0,0.1859856
0,0.2862488
0,0.17023166
0,0.20118867
0,0.46428707
0,0.2161295
0,0.43706948
0,0.2213054
0,0.33761883
0,0.17696738
0,0.3245882
0,0.40820533
0,0.37687394
0,0.34685323
0,0.3631029
0,0.25751734
0,0.3639355
0,0.14075848
0,0.22591084
0,0.17439684
0,0.39520317
0,0.3710496
0,0.26110297
0,0.16319065
0,0.4768472
0,0.4478165
0,0.36658052
0,0.40036508
0,0.33470082
0,0.271205
0,0.39894885
0,0.29135907
0,0.35617158
0,0.38249278
0,0.23025091
0,0.3429422
0,0.44840315
0,0.43604195
0,0.40999514
0,0.34943247
0,0.30974644
0,0.33544043
0,0.17926966
0,0.55158997
0,0.30897835
0,0.2620809
0,0.47477245
0,0.19461152
0,0.48523575
0,0.27943608
0,0.13125673
0,0.3155564
0,0.34238634
0,0.35442185
0,0.39755335
0,0.31402585
0,0.49006099
0,0.23700853
0,0.3761996
0,0.29953226
0,0.2921924
0,0.27451107
0,0.114893675
0,0.5980761
0,0.4169964
0,0.44262815
0,0.2581512
0,0.17388292
1,0.42979437
0,0.15552618
0,0.16563913
0,0.25218356
0,0.23511353
0,0.39405572
0,0.3178555
0,0.22612885
0,0.20424841
0,0.23284556
0,0.5422887
0,0.3218947
0,0.4482458
0,0.334842
0,0.22455491
0,0.30319333
0,0.14754547
0,0.16387035
0,0.12928551
0,0.13805027
0,0.23023134
0,0.26656792
0,0.3227677
0,0.2255166
0,0.38934088
0,0.428219
0,0.3693983
0,0.29103142
0,0.33286083
0,0.39003545
0,0.42134348
0,0.2633776
0,0.32861358
0,0.13053033
0,0.24091497
0,0.4383012
0,0.45619804
0,0.3821894
0,0.27321002
0,0.38426277
1,0.6432274
0,0.26752493
0,0.43937472
0,0.18828902
0,0.4562165
0,0.42204615
0,0.12981258
0,0.13622239
0,0.30248177
0,0.41961443
0,0.33021635
0,0.35122973
0,0.23381227
1,0.27229458
0,0.32957396
0,0.36643496
0,0.37279946
0,0.38772613
0,0.36529052
0,0.44443837
0,0.3878315
0,0.38412294
0,0.26416904
0,0.17274176
0,0.22331497
0,0.33593434
0,0.34428683
0,0.47087383
0,0.40747535
0,0.28154215
0,0.23326573
0,0.2605097
0,0.43969342
0,0.32415026
0,0.3195052
0,0.41416803
0,0.24171871
0,0.42900988
0,0.49442995
0,0.17928782
0,0.43379396
0,0.28559348
1,0.5196852
0,0.23844016
0,0.48233908
0,0.48233908
0,0.29784745
0,0.54460967
0,0.20795095
0,0.4123171
0,0.29482663
0,0.27594525
0,0.3205974
0,0.19298063
0,0.23877922
0,0.22961476
0,0.1323779
0,0.35842332
0,0.19551961
0,0.1810726
0,0.15250473
0,0.3563081
0,0.384147
0,0.38956016
0,0.4235447
0,0.34422678
0,0.37566754
0,0.5235321
0,0.524023
0,0.33462203
0,0.26572078
0,0.5562184
0,0.21094562
0,0.27835533
0,0.22629498
0,0.23398444
0,0.41213778
0,0.31693453
0,0.18824978
0,0.2444848
0,0.31337598
0,0.6426028
0,0.18521895
0,0.23414749
0,0.5082608
0,0.29084215
0,0.6227499
0,0.37032342
0,0.59576875
0,0.22852859
0,0.4186435
0,0.31500655
0,0.18615593
0,0.43821484
0,0.32514384
0,0.31187874
0,0.39408195
0,0.5536843
0,0.73139113
0,0.3141506
0,0.60287565
0,0.23710549
0,0.4886786
0,0.3936362
0,0.33860466
0,0.11357515
0,0.14848526
0,0.30991232
0,0.4654771
1,0.3036759
0,0.32436317
0,0.5509213
0,0.46168998
0,0.21819368
0,0.65722036
0,0.316362
0,0.3864037
0,0.23911731
0,0.29675716
0,0.26938945
0,0.23413439
0,0.36658967
0,0.41148373
0,0.40581182
0,0.6928834
0,0.53607446
0,0.29840925
0,0.40710473
0,0.5018803
0,0.39993185
0,0.19957681
0,0.33649603
0,0.15587616
0,0.29748228
0,0.33522674
0,0.33765784
0,0.16805987
0,0.3072981
0,0.41854593
0,0.30808392
0,0.16600105
0,0.23742767
0,0.19163935
0,0.4403331
0,0.33001152
0,0.110996224
0,0.1414244
0,0.5108378
0,0.24014905
0,0.15345222
0,0.51599467
0,0.3447931
0,0.4536478
0,0.21284585
0,0.3850852
0,0.4687432
0,0.38960308
0,0.33176747
0,0.43412524
0,0.3267596
0,0.3032557
0,0.11483436
0,0.5445153
0,0.2784065
0,0.14540026
0,0.25983188
0,0.2786818
0,0.4064
0,0.28830302
0,0.28153622
0,0.37281945
0,0.16237955
0,0.17026263
0,0.19563466
0,0.22469947
0,0.22142002
0,0.22123136
0,0.25691435
0,0.35764158
0,0.3514114
0,0.32838702
0,0.33184963
0,0.37248236
0,0.6007972
0,0.2181467
0,0.44556975
0,0.21475345
0,0.44357282
0,0.46756735
0,0.22878247
0,0.28282598
0,0.3415916
0,0.39722776
0,0.23935096
0,0.43113086
0,0.25059536
0,0.27871925
0,0.1585693
0,0.17688423
0,0.5236706
0,0.3776851
0,0.44418952
0,0.3994583
0,0.32392225
0,0.43610215
0,0.21849367
0,0.19362615
0,0.34230533
0,0.24258077
0,0.29891673
0,0.4042165
0,0.41350415
0,0.30818808
0,0.2667997
0,0.19950446
0,0.34282717
0,0.28840393
0,0.39856032
0,0.28221196
0,0.2822655
0,0.29714498
0,0.35813808
0,0.55271524
0,0.38397625
0,0.7732829
0,0.20139594
0,0.50926507
0,0.33040217
0,0.32253334
0,0.20108652
0,0.45637345
0,0.18690501
0,0.32468885
0,0.355913
0,0.32427564
0,0.33747423
0,0.21054542
0,0.28008515
0,0.29044297
0,0.36400673
0,0.25443798
0,0.32391173
0,0.20654295
0,0.37238875
0,0.16025947
0,0.47167704
0,0.4692498
0,0.270955
0,0.5527653
0,0.22352836
0,0.24981721
0,0.3758748
0,0.44492117
0,0.52734035
0,0.17486285
0,0.2871541
0,0.37909484
0,0.45542035
0,0.6222611
0,0.3740133
0,0.27084965
0,0.30281615
0,0.5062582
0,0.31330264
0,0.18372539
0,0.30068853
0,0.35240442
0,0.16447471
0,0.3727819
0,0.62661034
0,0.4724471
0,0.33759105
0,0.5115766
0,0.2698268
0,0.36069328
0,0.45008266
0,0.68353987
0,0.27708867
0,0.18602523
0,0.1945841
0,0.5341315
0,0.31815985
0,0.31146365
0,0.43125302
0,0.38372672
0,0.33582297
0,0.35626012
0,0.32110605
0,0.525486
0,0.40283248
0,0.48943427
0,0.53938085
0,0.48141852
0,0.4586224
0,0.44594026
0,0.11203642
0,0.49213046
0,0.40847063
0,0.27280214
0,0.42256597
0,0.19200446
1,0.20403916
0,0.34014842
0,0.37563384
0,0.35718134
0,0.40744358
0,0.2308412
0,0.6582833
0,0.33542725
0,0.18399704
0,0.2254702
0,0.7163081
0,0.21540287
0,0.39116096
0,0.35556644
0,0.44482324
0,0.21284844
0,0.35386
0,0.31199595
0,0.33203486
0,0.2890222
0,0.43546003
0,0.27767873
0,0.45412165
0,0.27103484
0,0.14537744
1,0.5542371
0,0.30101886
0,0.26844603
0,0.20395197
0,0.2611308
0,0.20630366
0,0.45056492
0,0.3441865
0,0.29575574
0,0.20816194
0,0.2843662
0,0.21770574
0,0.3746295
0,0.33077678
0,0.36574575
0,0.35158062
0,0.35532326
0,0.24475233
0,0.20224394
0,0.37233442
0,0.26224226
0,0.24302544
0,0.3589193
0,0.66546565
0,0.50508827
0,0.34986112
0,0.40011418
0,0.590168
0,0.55142355
0,0.14966306
0,0.3764014
0,0.18601601
0,0.34471202
0,0.41848528
0,0.2593441
0,0.49769044
0,0.3628589
1,0.28524998
0,0.45877504
0,0.21385805
0,0.27543575
0,0.45018426
0,0.2866043
0,0.3744991
0,0.3372588
0,0.36249077
0,0.23919208
0,0.09267659
0,0.23585135
0,0.22064827
0,0.3004772
0,0.23393156
0,0.5673681
0,0.15790924
0,0.2671818
0,0.44809628
0,0.5275853
0,0.31482965
0,0.41131273
0,0.4424365
0,0.29405499
0,0.23616114
0,0.28834918
0,0.29008797
0,0.49149272
0,0.09790825
0,0.3806776
0,0.2499749
0,0.35818958
0,0.3499487
0,0.16937059
0,0.20430851
0,0.2270381
0,0.25828668
0,0.4069312
0,0.27976713
0,0.24977097
0,0.5829873
0,0.64714366
0,0.25204793
0,0.19981478
0,0.3133865
0,0.39203653
0,0.35386297
0,0.38621348
0,0.40216622
0,0.5575031
0,0.11342987
0,0.30839476
0,0.29500145
0,0.24414209
0,0.3188453
1,0.610591
0,0.38065028
0,0.19774047
0,0.26488787
1,0.41802037
0,0.68740356
0,0.13003515
0,0.40757906
0,0.3826588
0,0.47309697
0,0.18292807
0,0.3034037
0,0.18526511
0,0.20292288
0,0.49410242
0,0.40204516
0,0.159711
0,0.37142333
0,0.37101567
0,0.17486778
0,0.392071
0,0.77897274
0,0.22459343
0,0.18642361
0,0.38429764
0,0.34818876
0,0.29311588
0,0.3573316
0,0.28297547
0,0.594552
0,0.3737258
0,0.18068217
0,0.41089833
0,0.40748522
0,0.19402398
0,0.6057797
0,0.39947286
0,0.40305385
0,0.17492574
0,0.289733
0,0.26903674
0,0.19617969
0,0.3641177
0,0.4724885
0,0.27797446
0,0.60728115
0,0.19597153
0,0.2565195
0,0.41861403
0,0.20407851
0,0.3262734
0,0.38198683
0,0.42509514
0,0.29599184
0,0.20742732
0,0.32598695
0,0.32996157
0,0.5876401
0,0.34591267
0,0.29170954
0,0.48057446
0,0.44691586
0,0.31448758
0,0.18263888
0,0.4764904
0,0.1490231
0,0.15328653
0,0.6681694
0,0.4133206
0,0.33274612
0,0.38223782
0,0.37138006
0,0.13755485
0,0.38107827
0,0.26744935
0,0.36906388
0,0.36976048
0,0.2087961
0,0.40509507
0,0.2027466
0,0.20306872
0,0.29188302
0,0.36309317
0,0.38823417
0,0.2363777
0,0.21213593
0,0.23818992
0,0.5349827
0,0.14870025
0,0.21190044
0,0.30397287
0,0.17802288
0,0.38335913
0,0.32989419
0,0.33227614
0,0.3515538
0,0.272758
0,0.37977272
0,0.3143398
0,0.097853996
0,0.47865054
0,0.37523606
0,0.44280216
0,0.3168758
0,0.20491691
0,0.30690008
0,0.35022122
0,0.1267044
0,0.30438548
0,0.31350517
0,0.33531088
0,0.21283157
0,0.32907513
0,0.10651782
0,0.22768477
0,0.28795338
0,0.18072334
0,0.36299825
0,0.24740736
0,0.18978703
0,0.21416914
0,0.21385568
0,0.44631076
0,0.40677917
0,0.42033854
0,0.4057666
0,0.47661462
0,0.29803795
0,0.4260622
0,0.4090962
0,0.43690634
0,0.23184104
0,0.4540971
0,0.18580209
0,0.27392793
0,0.2888747
0,0.302539
0,0.5023547
0,0.20457916
0,0.22950137
0,0.5873107
0,0.15470049
0,0.27815318
0,0.48836997
0,0.22916661
0,0.26955068
0,0.24680452
0,0.48651347
0,0.18234088
0,0.38717064
0,0.40603027
0,0.12115033
0,0.35224968
0,0.42361963
0,0.09385876
0,0.19071925
0,0.33335394
0,0.13570601
0,0.29465535
0,0.5398809
0,0.3483758
0,0.49642915
0,0.31174853
0,0.36959517
0,0.3819668
0,0.20209683
0,0.15348166
0,0.40049443
0,0.29986483
0,0.16016227
0,0.38695744
0,0.14652473
0,0.5110598
0,0.34156683
0,0.16499026
0,0.09369932
0,0.19177042
0,0.079992436
0,0.11881504
0,0.092532806
0,0.45725918
0,0.42784142
0,0.26407894
0,0.14808622
0,0.0934613
0,0.17577833
0,0.36764804
0,0.20935014
0,0.14127149
0,0.37580365
0,0.19117074
0,0.27898365
0,0.33194438
0,0.19693688
0,0.3074628
0,0.3213891
0,0.4304554
1,0.22605588
1,0.24064483
1,0.1543017
1,0.3512505
1,0.43819925
1,0.17847742
1,0.39584824
1,0.15406114
1,0.32715693
1,0.51033247
1,0.57261187
1,0.6291641
1,0.27123618
1,0.41040662
1,0.419802
1,0.3294637
1,0.37652114
1,0.48579586
1,0.54289657
1,0.55045384
1,0.48085645
1,0.40919423
1,0.5321882
1,0.49752417
1,0.6779364
1,0.3318537
1,0.710089
1,0.45786327
1,0.28306478
1,0.36876848
1,0.37654096
1,0.57862175
1,0.5794031
1,0.6625282
1,0.49382284
1,0.2636812
1,0.43643123
1,0.19474673
1,0.45601898
1,0.4788638
1,0.46799958
1,0.37826258
1,0.38602284
1,0.34449428
1,0.36410972
1,0.67615837
1,0.39576095
1,0.55306256
1,0.49490395
1,0.4851818
1,0.2264229
1,0.19368605
1,0.41334033
1,0.5660184
1,0.42915452
1,0.45478186
1,0.64466685
1,0.19007154
1,0.27348322
1,0.70317245
1,0.306077
1,0.3245024
1,0.4462337
1,0.5840445
1,0.50143105
1,0.44175464
1,0.42448878
1,0.5933823
1,0.46244338
1,0.4899794
1,0.22529308
1,0.34088326
1,0.43975383
1,0.3008538
1,0.50536907
1,0.2363426
1,0.41294834
1,0.27326533
1,0.33879015
1,0.46381417
1,0.58625734
1,0.62517387
1,0.58919215
1,0.4719202
1,0.24786611
1,0.20767815
1,0.40332097
1,0.6159412
1,0.45651388
1,0.40790004
1,0.5757861
1,0.25613227
1,0.3347168
1,0.6070752
1,0.42992133
1,0.53551877
1,0.41670752
1,0.33331755
1,0.46829978
1,0.28483135
1,0.3394755
1,0.32589215
1,0.46770707
1,0.38742083
1,0.3169296
1,0.58139414
1,0.4430982
1,0.30551124
1,0.47486898
1,0.41756544
1,0.17177641
1,0.17177641
1,0.49529305
1,0.39980158
1,0.45317855
1,0.42892763
1,0.50303036
1,0.5169381
1,0.31345415
1,0.45816654
1,0.5752809
1,0.46910906
1,0.48083627
1,0.4071456
1,0.57435286
1,0.569367
1,0.5516045
1,0.53241575
1,0.5850785
1,0.45704117
1,0.58642995
1,0.5970809
1,0.46241257
1,0.5017699
1,0.5061605
1,0.2438766
1,0.62170345
1,0.67575604
1,0.65331876
1,0.34314075
1,0.5673578
1,0.5699209
1,0.5548161
1,0.62203246
1,0.5245084
1,0.41458735
1,0.41668198
1,0.26193565
1,0.4629031
1,0.2510732
1,0.5191397
1,0.4268925
1,0.42200795
1,0.1865999
1,0.7267108
1,0.5335709
1,0.75476134
1,0.6403891
1,0.40189168
1,0.40488315
1,0.3720198
1,0.52940446
1,0.6398749
1,0.37043005
1,0.47198954
1,0.52648556
1,0.25137365
1,0.5504944
1,0.32519588
1,0.61730206
1,0.54208726
1,0.4824728
1,0.39214003
1,0.36434248
1,0.34322828
1,0.550346
1,0.35994488
1,0.34261397
1,0.3242612
1,0.344706
1,0.4263634
1,0.48104507
1,0.41964376
1,0.32951167
1,0.44805488
1,0.509684
1,0.46440655
1,0.5071576
1,0.37873465
1,0.51267344
1,0.31889054
1,0.57160217
1,0.49408588
1,0.7023142
1,0.44260195
1,0.3276833
1,0.14802995
1,0.5595938
1,0.33423918
1,0.32503003
1,0.45881745
1,0.2664332
1,0.3960558
1,0.47374552
1,0.5372429
1,0.3688759
1,0.39764467
1,0.2866419
1,0.54757243
1,0.56301224
1,0.31510633
1,0.40481657
1,0.3005721
1,0.64122546
1,0.6172639
1,0.37543014
1,0.2334808
1,0.46604827
1,0.32046172
1,0.53163993
1,0.31909233
1,0.24618745
1,0.5802786
1,0.20156953
1,0.58662415
1,0.4367016
1,0.23670334
1,0.5725978
1,0.47805518
1,0.5247976
1,0.49743986
1,0.4537061
1,0.48080176
1,0.6435123
1,0.6146564
1,0.7301118
1,0.4774965
1,0.57354265
1,0.63492155
1,0.33636338
1,0.46636915
1,0.44734785
1,0.45093197
1,0.39707416
1,0.4194086
1,0.4324113
1,0.40190274
1,0.5293949
1,0.39754993
1,0.63710517
1,0.31213492
1,0.32298365
1,0.55162996
1,0.47086152
1,0.64384407
1,0.4482372
1,0.4286356
1,0.5402645
1,0.60048074
1,0.5132972
1,0.27513504
1,0.52276033
1,0.5051944
1,0.4983557
1,0.44075575
1,0.42866006
1,0.6661662
1,0.43358204
1,0.38293865
1,0.37866375
1,0.47685516
1,0.6044454
1,0.33099684
1,0.38696218
1,0.48647684
1,0.5034789
1,0.5096494
1,0.5614843
1,0.5247602
1,0.40137026
1,0.654242
1,0.26600266
1,0.57556164
1,0.27581134
1,0.44706357
1,0.6637454
1,0.29436293
1,0.42995718
1,0.37808943
1,0.62886626
1,0.4147255
1,0.5336824
1,0.57120556
1,0.32147655
1,0.2781883
1,0.25009665
1,0.26495963
1,0.5466912
1,0.40954533
1,0.40897676
1,0.62561935
1,0.36820233
1,0.36777198
1,0.49634138
1,0.47551993
1,0.5264704
1,0.6961268
1,0.5289603
1,0.4850868
1,0.41783538
1,0.37091947
1,0.6211239
1,0.4617509
1,0.5678888
1,0.17041989
1,0.1341618
1,0.34528556
1,0.34258822
1,0.4533643
1,0.44965127
1,0.25136566
1,0.4780048
1,0.53505486
1,0.6113932
1,0.18770584
1,0.25773787
1,0.3754503
1,0.3922064
1,0.48505652
1,0.27083984
1,0.48851058
1,0.23904207
1,0.4627002
1,0.19847368
1,0.3565528
1,0.647697
1,0.7070967
1,0.6494346
1,0.41853732
1,0.44515303
1,0.5875866
1,0.3892493
1,0.65256506
1,0.5705664
1,0.54043394
1,0.31168842
1,0.5657979
1,0.50504833
1,0.17633642
1,0.34623203
1,0.23647718
1,0.3480905
1,0.36141422
1,0.31074303
1,0.57265925
1,0.6486927
1,0.24786663
1,0.42274228
1,0.39870924
1,0.6451972
1,0.46735644
1,0.33464262
1,0.4757635
1,0.53485763
1,0.3933499
1,0.3579528
1,0.4698659
1,0.42757446
1,0.46711546
1,0.3981515
1,0.4047312
1,0.3569392
1,0.24345763
1,0.3112129
1,0.3503325
1,0.3696269
1,0.2256184
1,0.58887964
1,0.48367396
1,0.5567558
1,0.6565279
1,0.60046494
1,0.39818025
1,0.5568149
1,0.54597574
1,0.54544795
1,0.39945415
1,0.69209087
1,0.5546097
1,0.31175098
1,0.36910117
1,0.45395848
1,0.43473092
1,0.22401181
1,0.6303807
1,0.57358456
1,0.58514446
1,0.34942403
1,0.4673567
1,0.49641904
1,0.46786124
1,0.555171
1,0.44266504
1,0.5521016
1,0.53175294
1,0.32127556
1,0.41854915
1,0.68562406
1,0.33620483
1,0.42741728
1,0.41957414
1,0.4727019
1,0.3210713
1,0.29151908
1,0.1559791
1,0.3506107
1,0.31978914
1,0.35817018
1,0.516353
1,0.328271
1,0.46207798
1,0.51445884
1,0.34318283
1,0.41731012
1,0.48810768
1,0.3470442
1,0.5106113
1,0.25024447
1,0.47665274
1,0.54919565
1,0.32558838
1,0.35554156
1,0.41718572
1,0.7086639
1,0.46683756
1,0.47480044
1,0.4225294
1,0.26496902
1,0.18459125
1,0.5934089
1,0.63187927
1,0.19524571
1,0.42080948
1,0.47642514
1,0.49444583
1,0.5848109
1,0.25160453
1,0.14641023
1,0.40006304
1,0.34340596
1,0.31191123
1,0.25342253
1,0.4828814
1,0.26977453
1,0.6122486
1,0.35737434
1,0.22558245
1,0.24115862
1,0.45430318
1,0.31190288
1,0.5363106
1,0.48549113
1,0.32852042
1,0.30940947
1,0.4207915
1,0.39156836
1,0.37320006
1,0.40369183
1,0.34244767
1,0.4552975
1,0.42307985
1,0.3863773
1,0.48206025
1,0.29728302
1,0.50826526
1,0.5565783
1,0.31535414
1,0.28184512
1,0.6685733
1,0.42319942
1,0.44433388
1,0.5942504
1,0.43718153
1,0.49898022
1,0.24073032
1,0.34596017
1,0.6569913
1,0.37111914
1,0.57223034
1,0.41514215
1,0.5276401
1,0.5282764
1,0.25230172
1,0.53333753
1,0.5710624
1,0.53511083
1,0.48547354
1,0.5333973
1,0.21584392
1,0.4764574
1,0.5153331
1,0.2459516
1,0.4318094
1,0.28119776
1,0.5944103
1,0.60316557
1,0.4225495
1,0.31258732
1,0.24933875
1,0.5248234
1,0.485848
1,0.21706963
1,0.30508274
1,0.7549059
1,0.332577
1,0.74116325
1,0.12757109
1,0.6123021
1,0.62727267
1,0.3592957
1,0.36428496
1,0.75018686
1,0.29346624
1,0.36404553
1,0.54380465
1,0.29659018
1,0.33373377
1,0.38574642
1,0.59036005
1,0.3205747
1,0.5525108
1,0.33719674
1,0.50710744
1,0.54493517
1,0.43647647
1,0.5824177
1,0.38300556
1,0.44376412
1,0.27111152
1,0.43557015
1,0.5684314
1,0.38967255
1,0.4151016
1,0.17481686
1,0.413207
1,0.21322584
1,0.51577866
1,0.39658767
1,0.3958526
1,0.6669031
1,0.3966417
1,0.33776715
1,0.49397218
1,0.44697267
1,0.4396882
1,0.41700062
1,0.2421554
1,0.3992186
1,0.47066033
1,0.23195215
1,0.47331068
1,0.4340088
1,0.43074742
1,0.46860245
1,0.20317437
1,0.32325426
1,0.50139
1,0.418983
1,0.53825974
1,0.51564234
1,0.573065
1,0.5001863
1,0.19089329
1,0.48291108
1,0.18868776
1,0.59832174
1,0.30336842
1,0.33694416
1,0.3573679
1,0.37363666
1,0.48486474
1,0.34288034
1,0.58329314
1,0.45311457
1,0.21359046
1,0.39864883
1,0.6181408
1,0.78081137
1,0.58963925
1,0.31221947
1,0.38019624
1,0.44966686
1,0.38460326
1,0.3144974
1,0.29450455
1,0.5157092
1,0.29809812
1,0.24679914
1,0.31039563
1,0.2867927
1,0.4793835
1,0.31242186
1,0.53424376
1,0.47039497
1,0.3768348
1,0.38960382
1,0.45251533
1,0.5402624
1,0.46439812
1,0.44345117
1,0.4544763
1,0.35419333
1,0.4039403
1,0.5523106
1,0.47687635
1,0.37775397
1,0.41855404
1,0.52966315
1,0.20946427
1,0.3802256
1,0.3479061
1,0.37046477
1,0.37160677
1,0.18824261
